id_str,created_at,retweet_count
1613041070685691905,Wed Jan 11 05:12:14 +0000 2023,20610
1613041064826241024,Wed Jan 11 05:12:13 +0000 2023,497
1613041064675508224,Wed Jan 11 05:12:13 +0000 2023,8197
1613041062649413632,Wed Jan 11 05:12:12 +0000 2023,26
1613041062540460037,Wed Jan 11 05:12:12 +0000 2023,8966
1613041060497727498,Wed Jan 11 05:12:12 +0000 2023,2311
1613041059369738240,Wed Jan 11 05:12:12 +0000 2023,14
1613041058950316033,Wed Jan 11 05:12:11 +0000 2023,1
1613041058568458240,Wed Jan 11 05:12:11 +0000 2023,4412
1613041058484715521,Wed Jan 11 05:12:11 +0000 2023,20
1613041057352273927,Wed Jan 11 05:12:11 +0000 2023,1
1613041056685215746,Wed Jan 11 05:12:11 +0000 2023,0
1613041056165072896,Wed Jan 11 05:12:11 +0000 2023,2595
1613041056119148544,Wed Jan 11 05:12:11 +0000 2023,2
1613041055435296769,Wed Jan 11 05:12:11 +0000 2023,0
1613041054491738112,Wed Jan 11 05:12:10 +0000 2023,0
1613041052361043969,Wed Jan 11 05:12:10 +0000 2023,6
1613041051618385920,Wed Jan 11 05:12:10 +0000 2023,3131
1613041049932550144,Wed Jan 11 05:12:09 +0000 2023,3839
1613041048808218625,Wed Jan 11 05:12:09 +0000 2023,0
1613041048376299521,Wed Jan 11 05:12:09 +0000 2023,2514
1613041048355508225,Wed Jan 11 05:12:09 +0000 2023,2595
1613041047067676672,Wed Jan 11 05:12:09 +0000 2023,0
1613041046660808704,Wed Jan 11 05:12:09 +0000 2023,2521
1613041045800886272,Wed Jan 11 05:12:08 +0000 2023,383
1613041043770933248,Wed Jan 11 05:12:08 +0000 2023,497
1613041042525241344,Wed Jan 11 05:12:08 +0000 2023,30
1613041041392689153,Wed Jan 11 05:12:07 +0000 2023,2422
1613041041086550016,Wed Jan 11 05:12:07 +0000 2023,3839
1613041040671526914,Wed Jan 11 05:12:07 +0000 2023,1
1613041040209973251,Wed Jan 11 05:12:07 +0000 2023,2311
1613041039522279425,Wed Jan 11 05:12:07 +0000 2023,9
1613041034576920577,Wed Jan 11 05:12:06 +0000 2023,0
1613041030580043776,Wed Jan 11 05:12:05 +0000 2023,1508
1613041029954904064,Wed Jan 11 05:12:05 +0000 2023,0
1613041029367881729,Wed Jan 11 05:12:04 +0000 2023,20609
1613041029174931462,Wed Jan 11 05:12:04 +0000 2023,0
1613041029170565121,Wed Jan 11 05:12:04 +0000 2023,0
1613041027828568070,Wed Jan 11 05:12:04 +0000 2023,2
1613041026268278786,Wed Jan 11 05:12:04 +0000 2023,89
1613041024154091523,Wed Jan 11 05:12:03 +0000 2023,1
1613041024112250880,Wed Jan 11 05:12:03 +0000 2023,4411
1613041023546191872,Wed Jan 11 05:12:03 +0000 2023,1
1613041022690525187,Wed Jan 11 05:12:03 +0000 2023,0
1613041022551859200,Wed Jan 11 05:12:03 +0000 2023,4774
1613041022170443776,Wed Jan 11 05:12:03 +0000 2023,4212
1613041021176225793,Wed Jan 11 05:12:02 +0000 2023,0
1613041020777922561,Wed Jan 11 05:12:02 +0000 2023,0
1613041020056522753,Wed Jan 11 05:12:02 +0000 2023,5235
1613041019364454402,Wed Jan 11 05:12:02 +0000 2023,2
1613041019167346688,Wed Jan 11 05:12:02 +0000 2023,266
1613041018701770753,Wed Jan 11 05:12:02 +0000 2023,7577
1613041015669272577,Wed Jan 11 05:12:01 +0000 2023,8
1613041014914318341,Wed Jan 11 05:12:01 +0000 2023,2324
1613041013068820480,Wed Jan 11 05:12:01 +0000 2023,0
1613041013055954944,Wed Jan 11 05:12:01 +0000 2023,54
1613041012578082817,Wed Jan 11 05:12:00 +0000 2023,4774
1613041011479183362,Wed Jan 11 05:12:00 +0000 2023,48
1613041010900336647,Wed Jan 11 05:12:00 +0000 2023,277
1613041010799529989,Wed Jan 11 05:12:00 +0000 2023,2309
1613041008651943938,Wed Jan 11 05:11:59 +0000 2023,2
1613041008274714624,Wed Jan 11 05:11:59 +0000 2023,5
1613041006215335937,Wed Jan 11 05:11:59 +0000 2023,1508
1613041005867200513,Wed Jan 11 05:11:59 +0000 2023,0
1613041004659048452,Wed Jan 11 05:11:59 +0000 2023,867
1613041004562755585,Wed Jan 11 05:11:58 +0000 2023,6
1613041002197184512,Wed Jan 11 05:11:58 +0000 2023,171
1613041002113269766,Wed Jan 11 05:11:58 +0000 2023,1
1613041001484124163,Wed Jan 11 05:11:58 +0000 2023,1941
1613041000813035521,Wed Jan 11 05:11:58 +0000 2023,8965
1613041000494022658,Wed Jan 11 05:11:58 +0000 2023,2309
1613040999894507522,Wed Jan 11 05:11:57 +0000 2023,165
1613040999776780296,Wed Jan 11 05:11:57 +0000 2023,0
1613040999156047878,Wed Jan 11 05:11:57 +0000 2023,0
1613040996518080512,Wed Jan 11 05:11:57 +0000 2023,0
1613040994550943744,Wed Jan 11 05:11:56 +0000 2023,7716
1613040994030653440,Wed Jan 11 05:11:56 +0000 2023,26
1613040993967935488,Wed Jan 11 05:11:56 +0000 2023,60
1613040992986501120,Wed Jan 11 05:11:56 +0000 2023,3837
1613040991350542337,Wed Jan 11 05:11:55 +0000 2023,133
1613040990646079490,Wed Jan 11 05:11:55 +0000 2023,2309
1613040989542785025,Wed Jan 11 05:11:55 +0000 2023,4411
1613040986179112960,Wed Jan 11 05:11:54 +0000 2023,0
1613040985990377472,Wed Jan 11 05:11:54 +0000 2023,867
1613040985675821057,Wed Jan 11 05:11:54 +0000 2023,1336
1613040984299917312,Wed Jan 11 05:11:54 +0000 2023,1
1613040983930707972,Wed Jan 11 05:11:54 +0000 2023,290
1613040983712862210,Wed Jan 11 05:11:54 +0000 2023,7716
1613040983322816512,Wed Jan 11 05:11:53 +0000 2023,9
1613040983075168257,Wed Jan 11 05:11:53 +0000 2023,1093
1613040982190329856,Wed Jan 11 05:11:53 +0000 2023,0
1613040982123229185,Wed Jan 11 05:11:53 +0000 2023,19839
1613040981871411201,Wed Jan 11 05:11:53 +0000 2023,2
1613040981804204033,Wed Jan 11 05:11:53 +0000 2023,146
1613040980067848193,Wed Jan 11 05:11:53 +0000 2023,7577
1613040979283673088,Wed Jan 11 05:11:52 +0000 2023,0
1613040977740013569,Wed Jan 11 05:11:52 +0000 2023,0
1613040977274630144,Wed Jan 11 05:11:52 +0000 2023,859
1613040977081692162,Wed Jan 11 05:11:52 +0000 2023,279
1613040973579276288,Wed Jan 11 05:11:51 +0000 2023,28918
1613040972602150912,Wed Jan 11 05:11:51 +0000 2023,255
1613040972446793728,Wed Jan 11 05:11:51 +0000 2023,0
1613040972258217984,Wed Jan 11 05:11:51 +0000 2023,1052
1613040970437910533,Wed Jan 11 05:11:50 +0000 2023,12
1613040967619158016,Wed Jan 11 05:11:50 +0000 2023,2324
1613040966780293120,Wed Jan 11 05:11:49 +0000 2023,3
1613040965056450561,Wed Jan 11 05:11:49 +0000 2023,4412
1613040964691718144,Wed Jan 11 05:11:49 +0000 2023,0
1613040964594966529,Wed Jan 11 05:11:49 +0000 2023,791
1613040964398120961,Wed Jan 11 05:11:49 +0000 2023,337
1613040964397834240,Wed Jan 11 05:11:49 +0000 2023,19
1613040964381343744,Wed Jan 11 05:11:49 +0000 2023,6
1613040963945127937,Wed Jan 11 05:11:49 +0000 2023,159
1613040963764502530,Wed Jan 11 05:11:49 +0000 2023,7716
1613040962644725762,Wed Jan 11 05:11:49 +0000 2023,39
1613040956147924992,Wed Jan 11 05:11:47 +0000 2023,1313
1613040955501973505,Wed Jan 11 05:11:47 +0000 2023,8966
1613040955380187138,Wed Jan 11 05:11:47 +0000 2023,102
1613040954029604865,Wed Jan 11 05:11:46 +0000 2023,0
1613040953165778947,Wed Jan 11 05:11:46 +0000 2023,1942
1613040952192409601,Wed Jan 11 05:11:46 +0000 2023,8966
1613040950904864770,Wed Jan 11 05:11:46 +0000 2023,438
1613040950531739648,Wed Jan 11 05:11:46 +0000 2023,2595
1613040949948735489,Wed Jan 11 05:11:45 +0000 2023,0
1613040948094636034,Wed Jan 11 05:11:45 +0000 2023,15
1613040947268313088,Wed Jan 11 05:11:45 +0000 2023,2353
1613040946907697153,Wed Jan 11 05:11:45 +0000 2023,347
1613040944244195329,Wed Jan 11 05:11:44 +0000 2023,889
1613040943988625408,Wed Jan 11 05:11:44 +0000 2023,5235
1613040942818406402,Wed Jan 11 05:11:44 +0000 2023,0
1613040941996056576,Wed Jan 11 05:11:44 +0000 2023,149
1613040941845123073,Wed Jan 11 05:11:44 +0000 2023,0
1613040940934905856,Wed Jan 11 05:11:43 +0000 2023,1
1613040940763189248,Wed Jan 11 05:11:43 +0000 2023,2
1613040939886596098,Wed Jan 11 05:11:43 +0000 2023,0
1613040939169382401,Wed Jan 11 05:11:43 +0000 2023,463
1613040935922987009,Wed Jan 11 05:11:42 +0000 2023,0
1613040934127632385,Wed Jan 11 05:11:42 +0000 2023,2
1613040933351702528,Wed Jan 11 05:11:42 +0000 2023,69
1613040931514769408,Wed Jan 11 05:11:41 +0000 2023,7577
1613040929597710338,Wed Jan 11 05:11:41 +0000 2023,383
1613040926888464385,Wed Jan 11 05:11:40 +0000 2023,18
1613040926179328000,Wed Jan 11 05:11:40 +0000 2023,7716
1613040925806059526,Wed Jan 11 05:11:40 +0000 2023,0
1613040925227520004,Wed Jan 11 05:11:40 +0000 2023,1
1613040924619309057,Wed Jan 11 05:11:39 +0000 2023,0
1613040921431670787,Wed Jan 11 05:11:39 +0000 2023,347
1613040921339375617,Wed Jan 11 05:11:39 +0000 2023,3
1613040920450174981,Wed Jan 11 05:11:38 +0000 2023,383
1613040918868922368,Wed Jan 11 05:11:38 +0000 2023,761
1613040914007465984,Wed Jan 11 05:11:37 +0000 2023,0
1613040913789616128,Wed Jan 11 05:11:37 +0000 2023,0
1613040913776840705,Wed Jan 11 05:11:37 +0000 2023,0
1613040913273524225,Wed Jan 11 05:11:37 +0000 2023,0
1613040912120287234,Wed Jan 11 05:11:36 +0000 2023,2311
1613040906789322758,Wed Jan 11 05:11:35 +0000 2023,8966
1613040906420252672,Wed Jan 11 05:11:35 +0000 2023,388
1613040906294423555,Wed Jan 11 05:11:35 +0000 2023,0
1613040905380069376,Wed Jan 11 05:11:35 +0000 2023,0
1613040904880758784,Wed Jan 11 05:11:35 +0000 2023,482
1613040904016924678,Wed Jan 11 05:11:35 +0000 2023,4412
1613040903723298816,Wed Jan 11 05:11:34 +0000 2023,0
1613040902292873217,Wed Jan 11 05:11:34 +0000 2023,3874
1613040901500317696,Wed Jan 11 05:11:34 +0000 2023,2
1613040901277859840,Wed Jan 11 05:11:34 +0000 2023,0
1613040900736962560,Wed Jan 11 05:11:34 +0000 2023,1508
1613040900476895232,Wed Jan 11 05:11:34 +0000 2023,20610
1613040899478495232,Wed Jan 11 05:11:33 +0000 2023,7716
1613040899059257344,Wed Jan 11 05:11:33 +0000 2023,5235
1613040898509766658,Wed Jan 11 05:11:33 +0000 2023,46
1613040897809321986,Wed Jan 11 05:11:33 +0000 2023,5235
1613040897519943680,Wed Jan 11 05:11:33 +0000 2023,867
1613040895942856704,Wed Jan 11 05:11:33 +0000 2023,36
1613040894546186243,Wed Jan 11 05:11:32 +0000 2023,130
1613040893497610240,Wed Jan 11 05:11:32 +0000 2023,537
1613040892021198848,Wed Jan 11 05:11:32 +0000 2023,0
1613040887864463363,Wed Jan 11 05:11:31 +0000 2023,7577
1613040886967070720,Wed Jan 11 05:11:30 +0000 2023,0
1613040886149185536,Wed Jan 11 05:11:30 +0000 2023,7405
1613040885633253379,Wed Jan 11 05:11:30 +0000 2023,0
1613040885582946306,Wed Jan 11 05:11:30 +0000 2023,7577
1613040884571840515,Wed Jan 11 05:11:30 +0000 2023,1508
1613040884018470912,Wed Jan 11 05:11:30 +0000 2023,1942
1613040883842297856,Wed Jan 11 05:11:30 +0000 2023,0
1613040883678461953,Wed Jan 11 05:11:30 +0000 2023,0
1613040883401920512,Wed Jan 11 05:11:30 +0000 2023,52
1613040882323976192,Wed Jan 11 05:11:29 +0000 2023,0
1613040879912067073,Wed Jan 11 05:11:29 +0000 2023,17321
1613040879266332672,Wed Jan 11 05:11:29 +0000 2023,4774
1613040878758551552,Wed Jan 11 05:11:29 +0000 2023,2311
1613040877143818243,Wed Jan 11 05:11:28 +0000 2023,3840
1613040875105390594,Wed Jan 11 05:11:28 +0000 2023,34
1613040871427174400,Wed Jan 11 05:11:27 +0000 2023,2595
1613040870973906944,Wed Jan 11 05:11:27 +0000 2023,0
1613040869891792897,Wed Jan 11 05:11:26 +0000 2023,2595
1613040869749260288,Wed Jan 11 05:11:26 +0000 2023,0
1613040867362889733,Wed Jan 11 05:11:26 +0000 2023,383
1613040866607726594,Wed Jan 11 05:11:26 +0000 2023,8966
1613040865882312706,Wed Jan 11 05:11:25 +0000 2023,7
1613040864959373314,Wed Jan 11 05:11:25 +0000 2023,2324
1613040864754012161,Wed Jan 11 05:11:25 +0000 2023,2804
1613040862988042240,Wed Jan 11 05:11:25 +0000 2023,0
1613040862493302784,Wed Jan 11 05:11:25 +0000 2023,1
1613040861180297217,Wed Jan 11 05:11:24 +0000 2023,1942
1613040860626841602,Wed Jan 11 05:11:24 +0000 2023,25
1613040858596802561,Wed Jan 11 05:11:24 +0000 2023,3
1613040858055716870,Wed Jan 11 05:11:24 +0000 2023,8966
1613040857699217408,Wed Jan 11 05:11:23 +0000 2023,573
1613040856759418881,Wed Jan 11 05:11:23 +0000 2023,761
1613040855857635328,Wed Jan 11 05:11:23 +0000 2023,256
1613040855761166338,Wed Jan 11 05:11:23 +0000 2023,5
1613040854943563777,Wed Jan 11 05:11:23 +0000 2023,4412
1613040851202224128,Wed Jan 11 05:11:22 +0000 2023,7716
1613040849973035008,Wed Jan 11 05:11:22 +0000 2023,0
1613040848375287808,Wed Jan 11 05:11:21 +0000 2023,374
1613040848081649664,Wed Jan 11 05:11:21 +0000 2023,7579
1613040847905226752,Wed Jan 11 05:11:21 +0000 2023,8966
1613040846009499648,Wed Jan 11 05:11:21 +0000 2023,2316
1613040845950689280,Wed Jan 11 05:11:21 +0000 2023,577
1613040844956729344,Wed Jan 11 05:11:20 +0000 2023,17321
1613040843979472896,Wed Jan 11 05:11:20 +0000 2023,1942
1613040843950022658,Wed Jan 11 05:11:20 +0000 2023,0
1613040843547447296,Wed Jan 11 05:11:20 +0000 2023,4412
1613040842091937794,Wed Jan 11 05:11:20 +0000 2023,2324
1613040841433423872,Wed Jan 11 05:11:20 +0000 2023,4
1613040840732975105,Wed Jan 11 05:11:19 +0000 2023,32
1613040839495671808,Wed Jan 11 05:11:19 +0000 2023,2980
1613040839244263425,Wed Jan 11 05:11:19 +0000 2023,8
1613040839135211525,Wed Jan 11 05:11:19 +0000 2023,0
1613040837922807808,Wed Jan 11 05:11:19 +0000 2023,0
1613040837419466753,Wed Jan 11 05:11:19 +0000 2023,0
1613040836908027910,Wed Jan 11 05:11:19 +0000 2023,0
1613040835263868930,Wed Jan 11 05:11:18 +0000 2023,0
1613040835188383744,Wed Jan 11 05:11:18 +0000 2023,1
1613040834441629698,Wed Jan 11 05:11:18 +0000 2023,154
1613040833305145344,Wed Jan 11 05:11:18 +0000 2023,4247
1613040832046682113,Wed Jan 11 05:11:17 +0000 2023,0
1613040831614668801,Wed Jan 11 05:11:17 +0000 2023,7
1613040831514177537,Wed Jan 11 05:11:17 +0000 2023,3874
1613040830247473152,Wed Jan 11 05:11:17 +0000 2023,186
1613040829870010368,Wed Jan 11 05:11:17 +0000 2023,273
1613040829328756738,Wed Jan 11 05:11:17 +0000 2023,8966
1613040829131546626,Wed Jan 11 05:11:17 +0000 2023,7579
1613040828221620225,Wed Jan 11 05:11:16 +0000 2023,2258
1613040827676393474,Wed Jan 11 05:11:16 +0000 2023,0
1613040827504234497,Wed Jan 11 05:11:16 +0000 2023,110
1613040827411873795,Wed Jan 11 05:11:16 +0000 2023,0
1613040825554079744,Wed Jan 11 05:11:16 +0000 2023,9572
1613040825407279104,Wed Jan 11 05:11:16 +0000 2023,371
1613040825071734785,Wed Jan 11 05:11:16 +0000 2023,63
1613040824610086913,Wed Jan 11 05:11:16 +0000 2023,868
1613040824547430405,Wed Jan 11 05:11:16 +0000 2023,2311
1613040822596804608,Wed Jan 11 05:11:15 +0000 2023,8966
1613040822068609024,Wed Jan 11 05:11:15 +0000 2023,761
1613040821766348800,Wed Jan 11 05:11:15 +0000 2023,129
1613040821585993729,Wed Jan 11 05:11:15 +0000 2023,0
1613040820092899330,Wed Jan 11 05:11:15 +0000 2023,868
1613040819682017282,Wed Jan 11 05:11:14 +0000 2023,8
1613040818323062786,Wed Jan 11 05:11:14 +0000 2023,1244
1613040816917999616,Wed Jan 11 05:11:14 +0000 2023,2324
1613040816360165376,Wed Jan 11 05:11:14 +0000 2023,0
1613040816133640197,Wed Jan 11 05:11:14 +0000 2023,2311
1613040815269355521,Wed Jan 11 05:11:13 +0000 2023,1093
1613040813675786240,Wed Jan 11 05:11:13 +0000 2023,577
1613040806901977088,Wed Jan 11 05:11:11 +0000 2023,0
1613040805425614849,Wed Jan 11 05:11:11 +0000 2023,0
1613040804515254273,Wed Jan 11 05:11:11 +0000 2023,2311
1613040802556420097,Wed Jan 11 05:11:10 +0000 2023,0
1613040801038356480,Wed Jan 11 05:11:10 +0000 2023,51
1613040799884640256,Wed Jan 11 05:11:10 +0000 2023,8966
1613040799348068352,Wed Jan 11 05:11:10 +0000 2023,482
1613040796298518533,Wed Jan 11 05:11:09 +0000 2023,2980
1613040795845550080,Wed Jan 11 05:11:09 +0000 2023,2324
1613040793421316096,Wed Jan 11 05:11:08 +0000 2023,8966
1613040793371148290,Wed Jan 11 05:11:08 +0000 2023,1942
1613040793341816832,Wed Jan 11 05:11:08 +0000 2023,0
1613040793236959233,Wed Jan 11 05:11:08 +0000 2023,7579
1613040792557215745,Wed Jan 11 05:11:08 +0000 2023,0
1613040792121266180,Wed Jan 11 05:11:08 +0000 2023,7
1613040791458582528,Wed Jan 11 05:11:08 +0000 2023,0
1613040791135424513,Wed Jan 11 05:11:08 +0000 2023,2980
1613040789226983425,Wed Jan 11 05:11:07 +0000 2023,240
1613040784692985857,Wed Jan 11 05:11:06 +0000 2023,1508
1613040784470671361,Wed Jan 11 05:11:06 +0000 2023,0
1613040783904616455,Wed Jan 11 05:11:06 +0000 2023,2595
1613040782184972288,Wed Jan 11 05:11:05 +0000 2023,2595
1613040779831742465,Wed Jan 11 05:11:05 +0000 2023,1
1613040779697717248,Wed Jan 11 05:11:05 +0000 2023,0
1613040779655581697,Wed Jan 11 05:11:05 +0000 2023,0
1613040779408347141,Wed Jan 11 05:11:05 +0000 2023,2422
1613040778837639169,Wed Jan 11 05:11:05 +0000 2023,22
1613040778737233921,Wed Jan 11 05:11:05 +0000 2023,6
1613040778154246144,Wed Jan 11 05:11:05 +0000 2023,4412
1613040777097252865,Wed Jan 11 05:11:04 +0000 2023,2324
1613040775247560705,Wed Jan 11 05:11:04 +0000 2023,4
1613040774756855810,Wed Jan 11 05:11:04 +0000 2023,30
1613040774588809217,Wed Jan 11 05:11:04 +0000 2023,103
1613040774354030592,Wed Jan 11 05:11:04 +0000 2023,5
1613040770780639232,Wed Jan 11 05:11:03 +0000 2023,0
1613040770084384769,Wed Jan 11 05:11:03 +0000 2023,7
1613040768532516864,Wed Jan 11 05:11:02 +0000 2023,374
1613040767458762757,Wed Jan 11 05:11:02 +0000 2023,428
1613040767240638466,Wed Jan 11 05:11:02 +0000 2023,0
1613040766363787268,Wed Jan 11 05:11:02 +0000 2023,231
1613040765873053696,Wed Jan 11 05:11:02 +0000 2023,3840
1613040764027551744,Wed Jan 11 05:11:01 +0000 2023,744
1613040763520290817,Wed Jan 11 05:11:01 +0000 2023,1508
1613040762677256192,Wed Jan 11 05:11:01 +0000 2023,92
1613040762282819589,Wed Jan 11 05:11:01 +0000 2023,2596
1613040761674797058,Wed Jan 11 05:11:01 +0000 2023,74
1613040759686696963,Wed Jan 11 05:11:00 +0000 2023,0
1613040758608510976,Wed Jan 11 05:11:00 +0000 2023,383
1613040758088400898,Wed Jan 11 05:11:00 +0000 2023,0
1613040756339638272,Wed Jan 11 05:10:59 +0000 2023,0
1613040756200972291,Wed Jan 11 05:10:59 +0000 2023,1
1613040754515128320,Wed Jan 11 05:10:59 +0000 2023,0
1613040754120613888,Wed Jan 11 05:10:59 +0000 2023,1508
1613040753378304000,Wed Jan 11 05:10:59 +0000 2023,2324
1613040753248464898,Wed Jan 11 05:10:59 +0000 2023,0
1613040752283766785,Wed Jan 11 05:10:58 +0000 2023,577
1613040750186631168,Wed Jan 11 05:10:58 +0000 2023,266
1613040750148882433,Wed Jan 11 05:10:58 +0000 2023,0
1613040748122759170,Wed Jan 11 05:10:57 +0000 2023,0
1613040747397406727,Wed Jan 11 05:10:57 +0000 2023,70
1613040746831179776,Wed Jan 11 05:10:57 +0000 2023,20610
1613040746533163008,Wed Jan 11 05:10:57 +0000 2023,0
1613040745086128130,Wed Jan 11 05:10:57 +0000 2023,4412
1613040743605731328,Wed Jan 11 05:10:56 +0000 2023,868
1613040742938865664,Wed Jan 11 05:10:56 +0000 2023,1
1613040742917894144,Wed Jan 11 05:10:56 +0000 2023,0
1613040741038579712,Wed Jan 11 05:10:56 +0000 2023,4412
1613040740224966659,Wed Jan 11 05:10:55 +0000 2023,1
1613040738958475264,Wed Jan 11 05:10:55 +0000 2023,251
1613040738291572738,Wed Jan 11 05:10:55 +0000 2023,0
1613040738144555010,Wed Jan 11 05:10:55 +0000 2023,1280
1613040737649582080,Wed Jan 11 05:10:55 +0000 2023,0
1613040735913390081,Wed Jan 11 05:10:54 +0000 2023,260
1613040733522624514,Wed Jan 11 05:10:54 +0000 2023,383
1613040733262413824,Wed Jan 11 05:10:54 +0000 2023,17
1613040733245825024,Wed Jan 11 05:10:54 +0000 2023,416
1613040732897693697,Wed Jan 11 05:10:54 +0000 2023,2980
1613040732495056900,Wed Jan 11 05:10:54 +0000 2023,1
1613040730448236544,Wed Jan 11 05:10:53 +0000 2023,39
1613040728539635712,Wed Jan 11 05:10:53 +0000 2023,2422
1613040728321720320,Wed Jan 11 05:10:53 +0000 2023,0
1613040728007114753,Wed Jan 11 05:10:53 +0000 2023,0
1613040727386198016,Wed Jan 11 05:10:52 +0000 2023,2
1613040726866264066,Wed Jan 11 05:10:52 +0000 2023,3306
1613040726509780993,Wed Jan 11 05:10:52 +0000 2023,0
1613040726169845761,Wed Jan 11 05:10:52 +0000 2023,1
1613040725284868096,Wed Jan 11 05:10:52 +0000 2023,577
1613040725012234240,Wed Jan 11 05:10:52 +0000 2023,277
1613040724664098816,Wed Jan 11 05:10:52 +0000 2023,5235
1613040723116589056,Wed Jan 11 05:10:51 +0000 2023,14
1613040721170436096,Wed Jan 11 05:10:51 +0000 2023,4
1613040721153634304,Wed Jan 11 05:10:51 +0000 2023,10
1613040721057165313,Wed Jan 11 05:10:51 +0000 2023,24
1613040716862873600,Wed Jan 11 05:10:50 +0000 2023,6
1613040716548296705,Wed Jan 11 05:10:50 +0000 2023,7579
1613040716548030465,Wed Jan 11 05:10:50 +0000 2023,388
1613040715663282176,Wed Jan 11 05:10:50 +0000 2023,5235
1613040714429890560,Wed Jan 11 05:10:49 +0000 2023,1508
1613040712387280896,Wed Jan 11 05:10:49 +0000 2023,0
1613040712051720192,Wed Jan 11 05:10:49 +0000 2023,3
1613040712022478848,Wed Jan 11 05:10:49 +0000 2023,482
1613040710084866048,Wed Jan 11 05:10:48 +0000 2023,4412
1613040708989894660,Wed Jan 11 05:10:48 +0000 2023,438
1613040708231004162,Wed Jan 11 05:10:48 +0000 2023,5235
1613040707983540224,Wed Jan 11 05:10:48 +0000 2023,7579
1613040706477604865,Wed Jan 11 05:10:47 +0000 2023,39
1613040705693163520,Wed Jan 11 05:10:47 +0000 2023,15
1613040705126993920,Wed Jan 11 05:10:47 +0000 2023,1254
1613040703793238017,Wed Jan 11 05:10:47 +0000 2023,359
1613040703575306240,Wed Jan 11 05:10:47 +0000 2023,20610
1613040702904233984,Wed Jan 11 05:10:47 +0000 2023,179
1613040701658517505,Wed Jan 11 05:10:46 +0000 2023,0
1613040700987146241,Wed Jan 11 05:10:46 +0000 2023,26
1613040700328927232,Wed Jan 11 05:10:46 +0000 2023,0
1613040700123418624,Wed Jan 11 05:10:46 +0000 2023,8966
1613040699552710656,Wed Jan 11 05:10:46 +0000 2023,4412
1613040698873511937,Wed Jan 11 05:10:46 +0000 2023,0
1613040698302889985,Wed Jan 11 05:10:45 +0000 2023,253
1613040697929498624,Wed Jan 11 05:10:45 +0000 2023,5532
1613040697174626305,Wed Jan 11 05:10:45 +0000 2023,44
1613040697015439362,Wed Jan 11 05:10:45 +0000 2023,362
1613040694213632000,Wed Jan 11 05:10:45 +0000 2023,4212
1613040692561088517,Wed Jan 11 05:10:44 +0000 2023,4344
1613040689809424391,Wed Jan 11 05:10:43 +0000 2023,181
1613040688903618561,Wed Jan 11 05:10:43 +0000 2023,666
1613040685535330304,Wed Jan 11 05:10:42 +0000 2023,0
1613040685124358144,Wed Jan 11 05:10:42 +0000 2023,4
1613040683660492801,Wed Jan 11 05:10:42 +0000 2023,273
1613040683287449601,Wed Jan 11 05:10:42 +0000 2023,0
1613040681865383936,Wed Jan 11 05:10:42 +0000 2023,0
1613040679982366720,Wed Jan 11 05:10:41 +0000 2023,2311
1613040678774386688,Wed Jan 11 05:10:41 +0000 2023,7579
1613040677209706496,Wed Jan 11 05:10:40 +0000 2023,8966
1613040674265526275,Wed Jan 11 05:10:40 +0000 2023,4920
1613040674022256640,Wed Jan 11 05:10:40 +0000 2023,1277
1613040671845416961,Wed Jan 11 05:10:39 +0000 2023,7579
1613040671069282304,Wed Jan 11 05:10:39 +0000 2023,2
1613040666119995392,Wed Jan 11 05:10:38 +0000 2023,14
1613040666086641665,Wed Jan 11 05:10:38 +0000 2023,2311
1613040665348407296,Wed Jan 11 05:10:38 +0000 2023,388
1613040664924545025,Wed Jan 11 05:10:38 +0000 2023,104
1613040664299855873,Wed Jan 11 05:10:37 +0000 2023,0
1613040663930540032,Wed Jan 11 05:10:37 +0000 2023,73
1613040663716577281,Wed Jan 11 05:10:37 +0000 2023,1337
1613040662064111616,Wed Jan 11 05:10:37 +0000 2023,7579
1613040660059152385,Wed Jan 11 05:10:36 +0000 2023,121
1613040656305332224,Wed Jan 11 05:10:35 +0000 2023,7579
1613040655223119873,Wed Jan 11 05:10:35 +0000 2023,482
1613040654401277952,Wed Jan 11 05:10:35 +0000 2023,1337
1613040654350970881,Wed Jan 11 05:10:35 +0000 2023,0
1613040650621960194,Wed Jan 11 05:10:34 +0000 2023,386
1613040648587997185,Wed Jan 11 05:10:34 +0000 2023,202
1613040647833006083,Wed Jan 11 05:10:33 +0000 2023,1094
1613040647610732544,Wed Jan 11 05:10:33 +0000 2023,0
1613040647556014082,Wed Jan 11 05:10:33 +0000 2023,7716
1613040646499209226,Wed Jan 11 05:10:33 +0000 2023,12
1613040643735183360,Wed Jan 11 05:10:32 +0000 2023,8276
1613040643550633985,Wed Jan 11 05:10:32 +0000 2023,3
1613040642137157632,Wed Jan 11 05:10:32 +0000 2023,5859
1613040641398964224,Wed Jan 11 05:10:32 +0000 2023,0
1613040639284854785,Wed Jan 11 05:10:31 +0000 2023,39
1613040637796036608,Wed Jan 11 05:10:31 +0000 2023,28918
1613040637166899200,Wed Jan 11 05:10:31 +0000 2023,7716
1613040634985586688,Wed Jan 11 05:10:30 +0000 2023,485
1613040634406772736,Wed Jan 11 05:10:30 +0000 2023,0
1613040633773441026,Wed Jan 11 05:10:30 +0000 2023,2487
1613040633182130176,Wed Jan 11 05:10:30 +0000 2023,282
1613040632955809798,Wed Jan 11 05:10:30 +0000 2023,118
1613040632779493376,Wed Jan 11 05:10:30 +0000 2023,191
1613040632574148609,Wed Jan 11 05:10:30 +0000 2023,4309
1613040631663955969,Wed Jan 11 05:10:30 +0000 2023,1508
1613040630984310784,Wed Jan 11 05:10:29 +0000 2023,3306
1613040629981876225,Wed Jan 11 05:10:29 +0000 2023,0
1613040629793320960,Wed Jan 11 05:10:29 +0000 2023,1391
1613040629428232192,Wed Jan 11 05:10:29 +0000 2023,4212
1613040627809406977,Wed Jan 11 05:10:29 +0000 2023,14
1613040627221991425,Wed Jan 11 05:10:29 +0000 2023,4212
1613040626081173504,Wed Jan 11 05:10:28 +0000 2023,0
1613040624197931009,Wed Jan 11 05:10:28 +0000 2023,73
1613040623929495553,Wed Jan 11 05:10:28 +0000 2023,8966
1613040623015297024,Wed Jan 11 05:10:28 +0000 2023,869
1613040622524596225,Wed Jan 11 05:10:27 +0000 2023,2980
1613040621979148293,Wed Jan 11 05:10:27 +0000 2023,337
1613040621593452544,Wed Jan 11 05:10:27 +0000 2023,859
1613040620620382209,Wed Jan 11 05:10:27 +0000 2023,43
1613040619437576193,Wed Jan 11 05:10:27 +0000 2023,7579
1613040619105959936,Wed Jan 11 05:10:27 +0000 2023,65
1613040618904883202,Wed Jan 11 05:10:27 +0000 2023,2804
1613040617915027458,Wed Jan 11 05:10:26 +0000 2023,7716
1613040615817707521,Wed Jan 11 05:10:26 +0000 2023,869
1613040614551224322,Wed Jan 11 05:10:26 +0000 2023,0
1613040612907057157,Wed Jan 11 05:10:25 +0000 2023,0
1613040612470562823,Wed Jan 11 05:10:25 +0000 2023,761
1613040610826661889,Wed Jan 11 05:10:25 +0000 2023,70
1613040609723355136,Wed Jan 11 05:10:24 +0000 2023,2980
1613040607295049731,Wed Jan 11 05:10:24 +0000 2023,0
1613040606158413824,Wed Jan 11 05:10:24 +0000 2023,0
1613040603478265856,Wed Jan 11 05:10:23 +0000 2023,3
1613040602345504769,Wed Jan 11 05:10:23 +0000 2023,26
1613040602136055815,Wed Jan 11 05:10:23 +0000 2023,0
1613040600068014081,Wed Jan 11 05:10:22 +0000 2023,2521
1613040599627862017,Wed Jan 11 05:10:22 +0000 2023,284
1613040598457659392,Wed Jan 11 05:10:22 +0000 2023,2980
1613040597799145472,Wed Jan 11 05:10:22 +0000 2023,7579
1613040596251443201,Wed Jan 11 05:10:21 +0000 2023,3
1613040593701318656,Wed Jan 11 05:10:21 +0000 2023,1
1613040593369976834,Wed Jan 11 05:10:20 +0000 2023,0
1613040593307074561,Wed Jan 11 05:10:20 +0000 2023,0
1613040592501755904,Wed Jan 11 05:10:20 +0000 2023,0
1613040590375256065,Wed Jan 11 05:10:20 +0000 2023,0
1613040590366670848,Wed Jan 11 05:10:20 +0000 2023,7579
1613040587623796737,Wed Jan 11 05:10:19 +0000 2023,393
1613040587565076480,Wed Jan 11 05:10:19 +0000 2023,225
1613040586314993665,Wed Jan 11 05:10:19 +0000 2023,0
1613040584087801861,Wed Jan 11 05:10:18 +0000 2023,256
1613040581479133184,Wed Jan 11 05:10:18 +0000 2023,744
1613040580065656833,Wed Jan 11 05:10:17 +0000 2023,0
1613040579234959360,Wed Jan 11 05:10:17 +0000 2023,0
1613040578664488961,Wed Jan 11 05:10:17 +0000 2023,0
1613040577343541250,Wed Jan 11 05:10:17 +0000 2023,0
1613040575846191104,Wed Jan 11 05:10:16 +0000 2023,6230
1613040574935826433,Wed Jan 11 05:10:16 +0000 2023,0
1613040572977086469,Wed Jan 11 05:10:16 +0000 2023,24
1613040572113252353,Wed Jan 11 05:10:15 +0000 2023,2324
1613040571781885953,Wed Jan 11 05:10:15 +0000 2023,0
1613040571534254081,Wed Jan 11 05:10:15 +0000 2023,0
1613040571043438595,Wed Jan 11 05:10:15 +0000 2023,0
1613040571005960193,Wed Jan 11 05:10:15 +0000 2023,294
1613040569277894658,Wed Jan 11 05:10:15 +0000 2023,383
1613040567008780288,Wed Jan 11 05:10:14 +0000 2023,0
1613040566132002819,Wed Jan 11 05:10:14 +0000 2023,1256
1613040565456707585,Wed Jan 11 05:10:14 +0000 2023,842
1613040564525731841,Wed Jan 11 05:10:14 +0000 2023,1562
1613040564387336192,Wed Jan 11 05:10:14 +0000 2023,55
1613040564366151682,Wed Jan 11 05:10:14 +0000 2023,2514
1613040562269032452,Wed Jan 11 05:10:13 +0000 2023,1437
1613040562164187136,Wed Jan 11 05:10:13 +0000 2023,4412
1613040562105634816,Wed Jan 11 05:10:13 +0000 2023,2324
1613040561459695617,Wed Jan 11 05:10:13 +0000 2023,1943
1613040560700555265,Wed Jan 11 05:10:13 +0000 2023,8
1613040560360820737,Wed Jan 11 05:10:13 +0000 2023,276
1613040559190585346,Wed Jan 11 05:10:12 +0000 2023,0
1613040558276071426,Wed Jan 11 05:10:12 +0000 2023,110
1613040557361594369,Wed Jan 11 05:10:12 +0000 2023,3840
1613040556891840514,Wed Jan 11 05:10:12 +0000 2023,383
1613040555205988358,Wed Jan 11 05:10:11 +0000 2023,1508
1613040554451009536,Wed Jan 11 05:10:11 +0000 2023,271
1613040554123866112,Wed Jan 11 05:10:11 +0000 2023,0
1613040551061774336,Wed Jan 11 05:10:10 +0000 2023,2324
1613040550017384448,Wed Jan 11 05:10:10 +0000 2023,0
1613040548817813506,Wed Jan 11 05:10:10 +0000 2023,1096
1613040548763537409,Wed Jan 11 05:10:10 +0000 2023,3
1613040546880327680,Wed Jan 11 05:10:09 +0000 2023,4
1613040546536210432,Wed Jan 11 05:10:09 +0000 2023,0
1613040545986756608,Wed Jan 11 05:10:09 +0000 2023,0
1613040545080791040,Wed Jan 11 05:10:09 +0000 2023,2514
1613040541897457664,Wed Jan 11 05:10:08 +0000 2023,0
1613040538361688064,Wed Jan 11 05:10:07 +0000 2023,0
1613040538097418241,Wed Jan 11 05:10:07 +0000 2023,37
1613040537279541249,Wed Jan 11 05:10:07 +0000 2023,0
1613040535391944705,Wed Jan 11 05:10:07 +0000 2023,20610
1613040532028022786,Wed Jan 11 05:10:06 +0000 2023,3840
1613040531973591040,Wed Jan 11 05:10:06 +0000 2023,666
1613040531222790144,Wed Jan 11 05:10:06 +0000 2023,735
1613040527439695873,Wed Jan 11 05:10:05 +0000 2023,220
1613040526974156800,Wed Jan 11 05:10:05 +0000 2023,0
1613040524587302912,Wed Jan 11 05:10:04 +0000 2023,2514
1613040524050714624,Wed Jan 11 05:10:04 +0000 2023,0
1613040523723575297,Wed Jan 11 05:10:04 +0000 2023,203
1613040523094413312,Wed Jan 11 05:10:04 +0000 2023,2804
1613040522947330049,Wed Jan 11 05:10:04 +0000 2023,299
1613040522574319616,Wed Jan 11 05:10:04 +0000 2023,2324
1613040522314108930,Wed Jan 11 05:10:04 +0000 2023,0
1613040522112958464,Wed Jan 11 05:10:03 +0000 2023,363
1613040521538306049,Wed Jan 11 05:10:03 +0000 2023,416
1613040520615563264,Wed Jan 11 05:10:03 +0000 2023,6
1613040518161629185,Wed Jan 11 05:10:03 +0000 2023,45
1613040517763289088,Wed Jan 11 05:10:02 +0000 2023,8966
1613040517335453697,Wed Jan 11 05:10:02 +0000 2023,2596
1613040517188825089,Wed Jan 11 05:10:02 +0000 2023,0
1613040514991030273,Wed Jan 11 05:10:02 +0000 2023,0
1613040514504491009,Wed Jan 11 05:10:02 +0000 2023,2
1613040514420416514,Wed Jan 11 05:10:02 +0000 2023,136
1613040513653051392,Wed Jan 11 05:10:01 +0000 2023,339
1613040512814186497,Wed Jan 11 05:10:01 +0000 2023,2
1613040512549912576,Wed Jan 11 05:10:01 +0000 2023,137
1613040509634625538,Wed Jan 11 05:10:00 +0000 2023,2324
1613040507479035904,Wed Jan 11 05:10:00 +0000 2023,2514
1613040507395112963,Wed Jan 11 05:10:00 +0000 2023,2596
1613040507260702720,Wed Jan 11 05:10:00 +0000 2023,8966
1613040507197734913,Wed Jan 11 05:10:00 +0000 2023,870
1613040506472390659,Wed Jan 11 05:10:00 +0000 2023,1329
1613040504240996352,Wed Jan 11 05:09:59 +0000 2023,0
1613040503985180678,Wed Jan 11 05:09:59 +0000 2023,0
1613040503565570049,Wed Jan 11 05:09:59 +0000 2023,0
1613040502487801858,Wed Jan 11 05:09:59 +0000 2023,0
1613040502118416386,Wed Jan 11 05:09:59 +0000 2023,504
1613040500222889989,Wed Jan 11 05:09:58 +0000 2023,2596
1613040498473865216,Wed Jan 11 05:09:58 +0000 2023,7
1613040497731465216,Wed Jan 11 05:09:58 +0000 2023,0
1613040497559494661,Wed Jan 11 05:09:58 +0000 2023,870
1613040496095670272,Wed Jan 11 05:09:57 +0000 2023,495
1613040494489239554,Wed Jan 11 05:09:57 +0000 2023,7579
1613040494313091074,Wed Jan 11 05:09:57 +0000 2023,2312
1613040493759455232,Wed Jan 11 05:09:57 +0000 2023,1084
1613040493037756418,Wed Jan 11 05:09:57 +0000 2023,538
1613040491976863746,Wed Jan 11 05:09:56 +0000 2023,896
1613040491804741632,Wed Jan 11 05:09:56 +0000 2023,122
1613040491250974721,Wed Jan 11 05:09:56 +0000 2023,6002
1613040491070910464,Wed Jan 11 05:09:56 +0000 2023,6
1613040490018123777,Wed Jan 11 05:09:56 +0000 2023,48
1613040489745502209,Wed Jan 11 05:09:56 +0000 2023,70
1613040489636450304,Wed Jan 11 05:09:56 +0000 2023,2422
1613040489112154112,Wed Jan 11 05:09:56 +0000 2023,0
1613040489074417664,Wed Jan 11 05:09:56 +0000 2023,81
1613040488373977088,Wed Jan 11 05:09:55 +0000 2023,603
1613040488000655360,Wed Jan 11 05:09:55 +0000 2023,1
1613040487660752896,Wed Jan 11 05:09:55 +0000 2023,6
1613040486977081344,Wed Jan 11 05:09:55 +0000 2023,1943
1613040485890678785,Wed Jan 11 05:09:55 +0000 2023,121
1613040484733313025,Wed Jan 11 05:09:55 +0000 2023,11
1613040484234178560,Wed Jan 11 05:09:54 +0000 2023,560
1613040483881848835,Wed Jan 11 05:09:54 +0000 2023,761
1613040483172847617,Wed Jan 11 05:09:54 +0000 2023,577
1613040479410462721,Wed Jan 11 05:09:53 +0000 2023,2325
1613040479238754304,Wed Jan 11 05:09:53 +0000 2023,0
1613040479142035456,Wed Jan 11 05:09:53 +0000 2023,111
1613040477959331841,Wed Jan 11 05:09:53 +0000 2023,0
1613040477649121282,Wed Jan 11 05:09:53 +0000 2023,1
1613040476801884160,Wed Jan 11 05:09:53 +0000 2023,170
1613040476109828097,Wed Jan 11 05:09:53 +0000 2023,538
1613040475803471876,Wed Jan 11 05:09:52 +0000 2023,0
1613040475451133953,Wed Jan 11 05:09:52 +0000 2023,1
1613040471097344001,Wed Jan 11 05:09:51 +0000 2023,0
1613040470825000960,Wed Jan 11 05:09:51 +0000 2023,191
1613040470636089345,Wed Jan 11 05:09:51 +0000 2023,1
1613040467511513094,Wed Jan 11 05:09:50 +0000 2023,7579
1613040467268063232,Wed Jan 11 05:09:50 +0000 2023,103
1613040466739486723,Wed Jan 11 05:09:50 +0000 2023,0
1613040466232246274,Wed Jan 11 05:09:50 +0000 2023,0
1613040464550297600,Wed Jan 11 05:09:50 +0000 2023,283
1613040464164184072,Wed Jan 11 05:09:50 +0000 2023,504
1613040461895335936,Wed Jan 11 05:09:49 +0000 2023,0
1613040459202584576,Wed Jan 11 05:09:48 +0000 2023,0
1613040459122896896,Wed Jan 11 05:09:48 +0000 2023,7579
1613040459076730880,Wed Jan 11 05:09:48 +0000 2023,1
1613040458757996549,Wed Jan 11 05:09:48 +0000 2023,7579
1613040457650413568,Wed Jan 11 05:09:48 +0000 2023,0
1613040457088385025,Wed Jan 11 05:09:48 +0000 2023,2596
1613040456912506881,Wed Jan 11 05:09:48 +0000 2023,0
1613040456509661185,Wed Jan 11 05:09:48 +0000 2023,0
1613040456383991808,Wed Jan 11 05:09:48 +0000 2023,0
1613040455180234753,Wed Jan 11 05:09:48 +0000 2023,0
1613040455171678208,Wed Jan 11 05:09:48 +0000 2023,348
1613040453804511232,Wed Jan 11 05:09:47 +0000 2023,93
1613040453036937217,Wed Jan 11 05:09:47 +0000 2023,0
1613040452105822208,Wed Jan 11 05:09:47 +0000 2023,11
1613040451724152833,Wed Jan 11 05:09:47 +0000 2023,777
1613040451103391744,Wed Jan 11 05:09:47 +0000 2023,2091
1613040450750799875,Wed Jan 11 05:09:46 +0000 2023,8966
1613040450746843140,Wed Jan 11 05:09:46 +0000 2023,2
1613040448687202305,Wed Jan 11 05:09:46 +0000 2023,50
1613040445436608514,Wed Jan 11 05:09:45 +0000 2023,12408
1613040445197811712,Wed Jan 11 05:09:45 +0000 2023,0
1613040444841107456,Wed Jan 11 05:09:45 +0000 2023,20610
1613040444157620225,Wed Jan 11 05:09:45 +0000 2023,2596
1613040443427782656,Wed Jan 11 05:09:45 +0000 2023,3874
1613040443285180417,Wed Jan 11 05:09:45 +0000 2023,5117
1613040442890924032,Wed Jan 11 05:09:45 +0000 2023,2325
1613040442253115392,Wed Jan 11 05:09:44 +0000 2023,2596
1613040441636835328,Wed Jan 11 05:09:44 +0000 2023,658
1613040439669440514,Wed Jan 11 05:09:44 +0000 2023,110
1613040438889385990,Wed Jan 11 05:09:44 +0000 2023,0
1613040436444286979,Wed Jan 11 05:09:43 +0000 2023,228
1613040436439879680,Wed Jan 11 05:09:43 +0000 2023,0
1613040433567010816,Wed Jan 11 05:09:42 +0000 2023,388
1613040431771652096,Wed Jan 11 05:09:42 +0000 2023,7579
1613040431712927744,Wed Jan 11 05:09:42 +0000 2023,191
1613040431427891201,Wed Jan 11 05:09:42 +0000 2023,1094
1613040430681292802,Wed Jan 11 05:09:42 +0000 2023,870
1613040429553049600,Wed Jan 11 05:09:41 +0000 2023,1
1613040426147254273,Wed Jan 11 05:09:41 +0000 2023,196
1613040423014141953,Wed Jan 11 05:09:40 +0000 2023,182
1613040421763940353,Wed Jan 11 05:09:40 +0000 2023,870
1613040419905880064,Wed Jan 11 05:09:39 +0000 2023,859
1613040418698178561,Wed Jan 11 05:09:39 +0000 2023,0
1613040418060386311,Wed Jan 11 05:09:39 +0000 2023,1254
1613040417616068609,Wed Jan 11 05:09:39 +0000 2023,388
1613040416793698307,Wed Jan 11 05:09:38 +0000 2023,790
1613040416454225920,Wed Jan 11 05:09:38 +0000 2023,14
1613040413887328256,Wed Jan 11 05:09:38 +0000 2023,2514
1613040413559898114,Wed Jan 11 05:09:38 +0000 2023,0
1613040412847116288,Wed Jan 11 05:09:37 +0000 2023,138
1613040411706294279,Wed Jan 11 05:09:37 +0000 2023,0
1613040410942902273,Wed Jan 11 05:09:37 +0000 2023,0
1613040410904985601,Wed Jan 11 05:09:37 +0000 2023,20610
1613040407470051328,Wed Jan 11 05:09:36 +0000 2023,2312
1613040406383726594,Wed Jan 11 05:09:36 +0000 2023,11
1613040405746167808,Wed Jan 11 05:09:36 +0000 2023,294
1613040404194115585,Wed Jan 11 05:09:35 +0000 2023,0
1613040402994536448,Wed Jan 11 05:09:35 +0000 2023,0
1613040401560268800,Wed Jan 11 05:09:35 +0000 2023,5
1613040400914329600,Wed Jan 11 05:09:35 +0000 2023,0
1613040398833782784,Wed Jan 11 05:09:34 +0000 2023,0
1613040398020009984,Wed Jan 11 05:09:34 +0000 2023,0
1613040397642784769,Wed Jan 11 05:09:34 +0000 2023,7579
1613040395671183362,Wed Jan 11 05:09:33 +0000 2023,20610
1613040394329288710,Wed Jan 11 05:09:33 +0000 2023,0
1613040393603682304,Wed Jan 11 05:09:33 +0000 2023,32
1613040393171394560,Wed Jan 11 05:09:33 +0000 2023,21
1613040391141588999,Wed Jan 11 05:09:32 +0000 2023,29
1613040389287731200,Wed Jan 11 05:09:32 +0000 2023,271
1613040387194605568,Wed Jan 11 05:09:31 +0000 2023,0
1613040386221707264,Wed Jan 11 05:09:31 +0000 2023,7579
1613040386200735745,Wed Jan 11 05:09:31 +0000 2023,0
1613040384803733505,Wed Jan 11 05:09:31 +0000 2023,0
1613040384380395520,Wed Jan 11 05:09:31 +0000 2023,1
1613040383457624064,Wed Jan 11 05:09:30 +0000 2023,891
1613040382920781824,Wed Jan 11 05:09:30 +0000 2023,2598
1613040381892988929,Wed Jan 11 05:09:30 +0000 2023,577
1613040381762887680,Wed Jan 11 05:09:30 +0000 2023,0
1613040380920090626,Wed Jan 11 05:09:30 +0000 2023,22
1613040380911538178,Wed Jan 11 05:09:30 +0000 2023,0
1613040380207075334,Wed Jan 11 05:09:30 +0000 2023,6
1613040378772348928,Wed Jan 11 05:09:29 +0000 2023,1943
1613040377837285376,Wed Jan 11 05:09:29 +0000 2023,90
1613040376817876992,Wed Jan 11 05:09:29 +0000 2023,2598
1613040375412985856,Wed Jan 11 05:09:28 +0000 2023,20610
1613040372472745984,Wed Jan 11 05:09:28 +0000 2023,13147
1613040371684245504,Wed Jan 11 05:09:28 +0000 2023,2312
1613040371214204929,Wed Jan 11 05:09:27 +0000 2023,347
1613040370266566656,Wed Jan 11 05:09:27 +0000 2023,0
1613040367259250689,Wed Jan 11 05:09:27 +0000 2023,6
1613040365803831298,Wed Jan 11 05:09:26 +0000 2023,284
1613040362544631808,Wed Jan 11 05:09:25 +0000 2023,560
1613040362146369538,Wed Jan 11 05:09:25 +0000 2023,322
1613040361823428608,Wed Jan 11 05:09:25 +0000 2023,383
1613040361038831616,Wed Jan 11 05:09:25 +0000 2023,0
1613040360413970433,Wed Jan 11 05:09:25 +0000 2023,1943
1613040359814344704,Wed Jan 11 05:09:25 +0000 2023,0
1613040359679967235,Wed Jan 11 05:09:25 +0000 2023,3874
1613040356660240385,Wed Jan 11 05:09:24 +0000 2023,7579
1613040356194410497,Wed Jan 11 05:09:24 +0000 2023,870
1613040353887805440,Wed Jan 11 05:09:23 +0000 2023,0
1613040352973262850,Wed Jan 11 05:09:23 +0000 2023,4774
1613040352390160385,Wed Jan 11 05:09:23 +0000 2023,2598
1613040349470941184,Wed Jan 11 05:09:22 +0000 2023,761
1613040349215330307,Wed Jan 11 05:09:22 +0000 2023,154
1613040348850454529,Wed Jan 11 05:09:22 +0000 2023,65
1613040348783153153,Wed Jan 11 05:09:22 +0000 2023,14
1613040347692638208,Wed Jan 11 05:09:22 +0000 2023,1338
1613040347092848640,Wed Jan 11 05:09:22 +0000 2023,744
1613040346958823430,Wed Jan 11 05:09:22 +0000 2023,1256
1613040346874916864,Wed Jan 11 05:09:22 +0000 2023,85
1613040346149326848,Wed Jan 11 05:09:22 +0000 2023,8966
1613040346023481345,Wed Jan 11 05:09:21 +0000 2023,0
1613040345733894148,Wed Jan 11 05:09:21 +0000 2023,0
1613040345335349248,Wed Jan 11 05:09:21 +0000 2023,0
1613040344945287168,Wed Jan 11 05:09:21 +0000 2023,2598
1613040341472641025,Wed Jan 11 05:09:20 +0000 2023,870
1613040340105154561,Wed Jan 11 05:09:20 +0000 2023,1
1613040338507304961,Wed Jan 11 05:09:20 +0000 2023,32
1613040335655145472,Wed Jan 11 05:09:19 +0000 2023,2
1613040329284005888,Wed Jan 11 05:09:17 +0000 2023,39
1613040328587743232,Wed Jan 11 05:09:17 +0000 2023,7716
1613040328537161729,Wed Jan 11 05:09:17 +0000 2023,234
1613040326566096897,Wed Jan 11 05:09:17 +0000 2023,277
1613040324221222912,Wed Jan 11 05:09:16 +0000 2023,369
1613040323122405378,Wed Jan 11 05:09:16 +0000 2023,0
1613040323051257857,Wed Jan 11 05:09:16 +0000 2023,791
1613040323000782848,Wed Jan 11 05:09:16 +0000 2023,7579
1613040322241593344,Wed Jan 11 05:09:16 +0000 2023,1
1613040320685690885,Wed Jan 11 05:09:15 +0000 2023,1508
1613040320467591168,Wed Jan 11 05:09:15 +0000 2023,0
1613040319712604160,Wed Jan 11 05:09:15 +0000 2023,21
1613040319473516545,Wed Jan 11 05:09:15 +0000 2023,27
1613040318433341440,Wed Jan 11 05:09:15 +0000 2023,8966
1613040316642205696,Wed Jan 11 05:09:14 +0000 2023,1
1613040315769708546,Wed Jan 11 05:09:14 +0000 2023,7
1613040315589619712,Wed Jan 11 05:09:14 +0000 2023,19
1613040314381635586,Wed Jan 11 05:09:14 +0000 2023,0
1613040314331107328,Wed Jan 11 05:09:14 +0000 2023,8966
1613040312728821763,Wed Jan 11 05:09:14 +0000 2023,62
1613040311181377536,Wed Jan 11 05:09:13 +0000 2023,388
1613040309138771968,Wed Jan 11 05:09:13 +0000 2023,2
1613040308849197056,Wed Jan 11 05:09:13 +0000 2023,0
1613040307456868354,Wed Jan 11 05:09:12 +0000 2023,5235
1613040306618007552,Wed Jan 11 05:09:12 +0000 2023,74
1613040302842847232,Wed Jan 11 05:09:11 +0000 2023,2422
1613040301479788546,Wed Jan 11 05:09:11 +0000 2023,0
1613040299428958208,Wed Jan 11 05:09:10 +0000 2023,0
1613040298346840065,Wed Jan 11 05:09:10 +0000 2023,0
1613040297348317184,Wed Jan 11 05:09:10 +0000 2023,0
1613040294794235905,Wed Jan 11 05:09:09 +0000 2023,1094
1613040293947015171,Wed Jan 11 05:09:09 +0000 2023,0
1613040293284306947,Wed Jan 11 05:09:09 +0000 2023,240
1613040292952932352,Wed Jan 11 05:09:09 +0000 2023,335
1613040292734853120,Wed Jan 11 05:09:09 +0000 2023,0
1613040291426209792,Wed Jan 11 05:09:08 +0000 2023,67
1613040291380097031,Wed Jan 11 05:09:08 +0000 2023,2312
1613040290365059072,Wed Jan 11 05:09:08 +0000 2023,165
1613040290331516928,Wed Jan 11 05:09:08 +0000 2023,0
1613040289295237121,Wed Jan 11 05:09:08 +0000 2023,0
1613040286745169921,Wed Jan 11 05:09:07 +0000 2023,1943
1613040286321577985,Wed Jan 11 05:09:07 +0000 2023,99
1613040285285777409,Wed Jan 11 05:09:07 +0000 2023,348
1613040285097013248,Wed Jan 11 05:09:07 +0000 2023,27
1613040284127924224,Wed Jan 11 05:09:07 +0000 2023,0
1613040281737375744,Wed Jan 11 05:09:06 +0000 2023,13
1613040280927862784,Wed Jan 11 05:09:06 +0000 2023,6398
1613040280436973573,Wed Jan 11 05:09:06 +0000 2023,126
1613040280420089856,Wed Jan 11 05:09:06 +0000 2023,0
1613040279539302401,Wed Jan 11 05:09:06 +0000 2023,8820
1613040279300501505,Wed Jan 11 05:09:06 +0000 2023,8966
1613040278851719170,Wed Jan 11 05:09:05 +0000 2023,0
1613040277668888576,Wed Jan 11 05:09:05 +0000 2023,12408
1613040276624359425,Wed Jan 11 05:09:05 +0000 2023,154
1613040274657402886,Wed Jan 11 05:09:04 +0000 2023,347
1613040274594488321,Wed Jan 11 05:09:04 +0000 2023,0
1613040274539700226,Wed Jan 11 05:09:04 +0000 2023,2487
1613040270794178561,Wed Jan 11 05:09:04 +0000 2023,0
1613040270081138690,Wed Jan 11 05:09:03 +0000 2023,32
1613040268458221568,Wed Jan 11 05:09:03 +0000 2023,1256
1613040268454002688,Wed Jan 11 05:09:03 +0000 2023,1943
1613040267644506112,Wed Jan 11 05:09:03 +0000 2023,0
1613040266772119552,Wed Jan 11 05:09:03 +0000 2023,339
1613040265438052353,Wed Jan 11 05:09:02 +0000 2023,14
1613040265245200384,Wed Jan 11 05:09:02 +0000 2023,6
1613040265224425473,Wed Jan 11 05:09:02 +0000 2023,24
1613040263861276673,Wed Jan 11 05:09:02 +0000 2023,0
1613040263588372480,Wed Jan 11 05:09:02 +0000 2023,1943
1613040262460096512,Wed Jan 11 05:09:02 +0000 2023,1508
1613040262351314945,Wed Jan 11 05:09:02 +0000 2023,0
1613040261168500742,Wed Jan 11 05:09:01 +0000 2023,744
1613040258710441985,Wed Jan 11 05:09:01 +0000 2023,2
1613040257167130629,Wed Jan 11 05:09:00 +0000 2023,0
1613040256370241536,Wed Jan 11 05:09:00 +0000 2023,7579
1613040256206442497,Wed Jan 11 05:09:00 +0000 2023,221
1613040255204040704,Wed Jan 11 05:09:00 +0000 2023,0
1613040254734467072,Wed Jan 11 05:09:00 +0000 2023,0
1613040254570700800,Wed Jan 11 05:09:00 +0000 2023,2363
1613040254495199232,Wed Jan 11 05:09:00 +0000 2023,5235
1613040254327431168,Wed Jan 11 05:09:00 +0000 2023,348
1613040253782351873,Wed Jan 11 05:08:59 +0000 2023,1968
1613040253752967168,Wed Jan 11 05:08:59 +0000 2023,3
1613040251278352390,Wed Jan 11 05:08:59 +0000 2023,0
1613040249277485056,Wed Jan 11 05:08:58 +0000 2023,1094
1613040248078106624,Wed Jan 11 05:08:58 +0000 2023,4
1613040247700439042,Wed Jan 11 05:08:58 +0000 2023,2980
1613040247629090817,Wed Jan 11 05:08:58 +0000 2023,330
1613040247318933510,Wed Jan 11 05:08:58 +0000 2023,5235
1613040245980758064,Wed Jan 11 05:08:58 +0000 2023,5235
1613040245615853568,Wed Jan 11 05:08:58 +0000 2023,240
1613040244361777154,Wed Jan 11 05:08:57 +0000 2023,240
1613040243879608325,Wed Jan 11 05:08:57 +0000 2023,76
1613040242453512193,Wed Jan 11 05:08:57 +0000 2023,25
1613040240742043649,Wed Jan 11 05:08:56 +0000 2023,1
1613040236485021699,Wed Jan 11 05:08:55 +0000 2023,0
1613040236480667651,Wed Jan 11 05:08:55 +0000 2023,1248
1613040234584850432,Wed Jan 11 05:08:55 +0000 2023,870
1613040234345926657,Wed Jan 11 05:08:55 +0000 2023,37
1613040233846640641,Wed Jan 11 05:08:55 +0000 2023,0
1613040233683030016,Wed Jan 11 05:08:55 +0000 2023,1256
1613040233393561600,Wed Jan 11 05:08:55 +0000 2023,0
1613040233343496192,Wed Jan 11 05:08:55 +0000 2023,194
1613040232416546816,Wed Jan 11 05:08:54 +0000 2023,2312
1613040232059834370,Wed Jan 11 05:08:54 +0000 2023,7579
1613040230965325824,Wed Jan 11 05:08:54 +0000 2023,3
1613040228603924482,Wed Jan 11 05:08:53 +0000 2023,32
1613040228150956032,Wed Jan 11 05:08:53 +0000 2023,0
1613040226926227458,Wed Jan 11 05:08:53 +0000 2023,5235
1613040225575387136,Wed Jan 11 05:08:53 +0000 2023,2325
1613040225214676992,Wed Jan 11 05:08:53 +0000 2023,12
1613040225038499841,Wed Jan 11 05:08:53 +0000 2023,2514
1613040224573231104,Wed Jan 11 05:08:53 +0000 2023,2
1613040221242724352,Wed Jan 11 05:08:52 +0000 2023,6
1613040220357943297,Wed Jan 11 05:08:52 +0000 2023,2598
1613040220315783168,Wed Jan 11 05:08:52 +0000 2023,136
1613040220177592321,Wed Jan 11 05:08:51 +0000 2023,81
1613040218688425984,Wed Jan 11 05:08:51 +0000 2023,0
1613040216616361984,Wed Jan 11 05:08:51 +0000 2023,2804
1613040216075370496,Wed Jan 11 05:08:51 +0000 2023,0
1613040215345471488,Wed Jan 11 05:08:50 +0000 2023,0
1613040215127384064,Wed Jan 11 05:08:50 +0000 2023,115
1613040213831327745,Wed Jan 11 05:08:50 +0000 2023,8966
1613040213307330560,Wed Jan 11 05:08:50 +0000 2023,0
1613040213131157504,Wed Jan 11 05:08:50 +0000 2023,2325
1613040212895997953,Wed Jan 11 05:08:50 +0000 2023,1
1613040212522987520,Wed Jan 11 05:08:50 +0000 2023,0
1613040209012133888,Wed Jan 11 05:08:49 +0000 2023,7579
1613040206499745792,Wed Jan 11 05:08:48 +0000 2023,1508
1613040205799501826,Wed Jan 11 05:08:48 +0000 2023,2
1613040205656907778,Wed Jan 11 05:08:48 +0000 2023,5235
1613040205304598528,Wed Jan 11 05:08:48 +0000 2023,2363
1613040205065490435,Wed Jan 11 05:08:48 +0000 2023,870
1613040204427698176,Wed Jan 11 05:08:48 +0000 2023,2325
1613040203601514496,Wed Jan 11 05:08:48 +0000 2023,735
1613040201240309768,Wed Jan 11 05:08:47 +0000 2023,0
1613040199856160769,Wed Jan 11 05:08:47 +0000 2023,0
1613040198409162752,Wed Jan 11 05:08:46 +0000 2023,428
1613040197503176705,Wed Jan 11 05:08:46 +0000 2023,9
1613040197150687232,Wed Jan 11 05:08:46 +0000 2023,903
1613040196156628993,Wed Jan 11 05:08:46 +0000 2023,40
1613040195355508736,Wed Jan 11 05:08:46 +0000 2023,4774
1613040194071953409,Wed Jan 11 05:08:45 +0000 2023,0
1613040193724112897,Wed Jan 11 05:08:45 +0000 2023,7580
1613040192386129920,Wed Jan 11 05:08:45 +0000 2023,58
1613040192285478912,Wed Jan 11 05:08:45 +0000 2023,28918
1613040192226754560,Wed Jan 11 05:08:45 +0000 2023,0
1613040190410444800,Wed Jan 11 05:08:44 +0000 2023,7580
1613040189076537346,Wed Jan 11 05:08:44 +0000 2023,0
1613040188841664512,Wed Jan 11 05:08:44 +0000 2023,2598
1613040188019834882,Wed Jan 11 05:08:44 +0000 2023,7
1613040187428192256,Wed Jan 11 05:08:44 +0000 2023,2325
1613040186107076610,Wed Jan 11 05:08:43 +0000 2023,4
1613040185322754048,Wed Jan 11 05:08:43 +0000 2023,1002
1613040184488230912,Wed Jan 11 05:08:43 +0000 2023,203
1613040183481618433,Wed Jan 11 05:08:43 +0000 2023,658
1613040182130786304,Wed Jan 11 05:08:42 +0000 2023,0
1613040182067924994,Wed Jan 11 05:08:42 +0000 2023,4412
1613040181128593410,Wed Jan 11 05:08:42 +0000 2023,681
1613040178985332737,Wed Jan 11 05:08:42 +0000 2023,7580
1613040178016260097,Wed Jan 11 05:08:41 +0000 2023,4920
1613040175847985152,Wed Jan 11 05:08:41 +0000 2023,0
1613040174883307521,Wed Jan 11 05:08:41 +0000 2023,34
1613040174140907520,Wed Jan 11 05:08:41 +0000 2023,5235
1613040173788315650,Wed Jan 11 05:08:40 +0000 2023,83
1613040173628985344,Wed Jan 11 05:08:40 +0000 2023,165
1613040173050388480,Wed Jan 11 05:08:40 +0000 2023,66
1613040172245057538,Wed Jan 11 05:08:40 +0000 2023,1968
1613040171129384961,Wed Jan 11 05:08:40 +0000 2023,144
1613040170827403265,Wed Jan 11 05:08:40 +0000 2023,28918
1613040169673961472,Wed Jan 11 05:08:39 +0000 2023,0
1613040166956068867,Wed Jan 11 05:08:39 +0000 2023,0
1613040166955847682,Wed Jan 11 05:08:39 +0000 2023,3
1613040165890719744,Wed Jan 11 05:08:39 +0000 2023,93
1613040163843887109,Wed Jan 11 05:08:38 +0000 2023,2598
1613040163747237888,Wed Jan 11 05:08:38 +0000 2023,6
1613040161314455572,Wed Jan 11 05:08:37 +0000 2023,171
1613040159234072576,Wed Jan 11 05:08:37 +0000 2023,0
1613040156445118466,Wed Jan 11 05:08:36 +0000 2023,0
1613040154863616000,Wed Jan 11 05:08:36 +0000 2023,363
1613040154075172864,Wed Jan 11 05:08:36 +0000 2023,0
1613040153978875904,Wed Jan 11 05:08:36 +0000 2023,5235
1613040153668513792,Wed Jan 11 05:08:36 +0000 2023,0
1613040153286807552,Wed Jan 11 05:08:36 +0000 2023,1
1613040153039093762,Wed Jan 11 05:08:35 +0000 2023,761
1613040152527380480,Wed Jan 11 05:08:35 +0000 2023,2
1613040151378407424,Wed Jan 11 05:08:35 +0000 2023,7
1613040151290159105,Wed Jan 11 05:08:35 +0000 2023,8966
1613040150434689026,Wed Jan 11 05:08:35 +0000 2023,0
1613040149516156928,Wed Jan 11 05:08:35 +0000 2023,8966
1613040149193166852,Wed Jan 11 05:08:35 +0000 2023,7716
1613040147167154177,Wed Jan 11 05:08:34 +0000 2023,8966
1613040146752090118,Wed Jan 11 05:08:34 +0000 2023,0
1613040145883697153,Wed Jan 11 05:08:34 +0000 2023,15
1613040144365256705,Wed Jan 11 05:08:33 +0000 2023,8966
1613040144134586368,Wed Jan 11 05:08:33 +0000 2023,16
1613040144084520960,Wed Jan 11 05:08:33 +0000 2023,28918
1613040142633078784,Wed Jan 11 05:08:33 +0000 2023,28918
1613040142436159488,Wed Jan 11 05:08:33 +0000 2023,0
1613040141555372038,Wed Jan 11 05:08:33 +0000 2023,0
1613040139294605314,Wed Jan 11 05:08:32 +0000 2023,1141
1613040139126579200,Wed Jan 11 05:08:32 +0000 2023,2312
1613040138736799744,Wed Jan 11 05:08:32 +0000 2023,1055
1613040137000325120,Wed Jan 11 05:08:32 +0000 2023,2363
1613040136589316098,Wed Jan 11 05:08:32 +0000 2023,744
1613040135351959553,Wed Jan 11 05:08:31 +0000 2023,9022
1613040135310028801,Wed Jan 11 05:08:31 +0000 2023,1340
1613040134882234368,Wed Jan 11 05:08:31 +0000 2023,1094
1613040134735159296,Wed Jan 11 05:08:31 +0000 2023,1943
1613040133942673409,Wed Jan 11 05:08:31 +0000 2023,3306
1613040132072017921,Wed Jan 11 05:08:30 +0000 2023,23
1613040130952146944,Wed Jan 11 05:08:30 +0000 2023,870
1613040130713059328,Wed Jan 11 05:08:30 +0000 2023,4
1613040127265148928,Wed Jan 11 05:08:29 +0000 2023,504
1613040126514597889,Wed Jan 11 05:08:29 +0000 2023,2598
1613040124144791553,Wed Jan 11 05:08:29 +0000 2023,12
1613040124102590466,Wed Jan 11 05:08:29 +0000 2023,7
1613040121737281536,Wed Jan 11 05:08:28 +0000 2023,0
1613040121431101443,Wed Jan 11 05:08:28 +0000 2023,2325
1613040120906809345,Wed Jan 11 05:08:28 +0000 2023,439
1613040120201887764,Wed Jan 11 05:08:28 +0000 2023,7
1613040119404969986,Wed Jan 11 05:08:27 +0000 2023,0
1613040115663740939,Wed Jan 11 05:08:27 +0000 2023,7580
1613040114237685760,Wed Jan 11 05:08:26 +0000 2023,1094
1613040113256120321,Wed Jan 11 05:08:26 +0000 2023,2325
1613040111507079169,Wed Jan 11 05:08:26 +0000 2023,2598
1613040110450184194,Wed Jan 11 05:08:25 +0000 2023,81
1613040110378930177,Wed Jan 11 05:08:25 +0000 2023,4412
1613040110169096197,Wed Jan 11 05:08:25 +0000 2023,2
1613040109733163008,Wed Jan 11 05:08:25 +0000 2023,8966
1613040109145788416,Wed Jan 11 05:08:25 +0000 2023,8
1613040108785258496,Wed Jan 11 05:08:25 +0000 2023,0
1613040107690381316,Wed Jan 11 05:08:25 +0000 2023,870
1613040106990088192,Wed Jan 11 05:08:24 +0000 2023,732
1613040106486771713,Wed Jan 11 05:08:24 +0000 2023,891
1613040106239295494,Wed Jan 11 05:08:24 +0000 2023,1
1613040105828274178,Wed Jan 11 05:08:24 +0000 2023,240
1613040105161363456,Wed Jan 11 05:08:24 +0000 2023,1943
1613040105161211904,Wed Jan 11 05:08:24 +0000 2023,870
1613040103525421057,Wed Jan 11 05:08:24 +0000 2023,7580
1613040102346985472,Wed Jan 11 05:08:23 +0000 2023,0
1613040100098859008,Wed Jan 11 05:08:23 +0000 2023,1055
1613040095803604992,Wed Jan 11 05:08:22 +0000 2023,2422
1613040095787114496,Wed Jan 11 05:08:22 +0000 2023,5
1613040095774535682,Wed Jan 11 05:08:22 +0000 2023,870
1613040093916459009,Wed Jan 11 05:08:21 +0000 2023,0
1613040093802930179,Wed Jan 11 05:08:21 +0000 2023,870
1613040090066059264,Wed Jan 11 05:08:20 +0000 2023,1391
1613040088589688832,Wed Jan 11 05:08:20 +0000 2023,0
1613040086991671296,Wed Jan 11 05:08:20 +0000 2023,2258
1613040086223912960,Wed Jan 11 05:08:20 +0000 2023,0
1613040083883507714,Wed Jan 11 05:08:19 +0000 2023,870
1613040082596024328,Wed Jan 11 05:08:19 +0000 2023,870
1613040082243719168,Wed Jan 11 05:08:19 +0000 2023,0
1613040082054778881,Wed Jan 11 05:08:19 +0000 2023,2422
1613040081731715073,Wed Jan 11 05:08:18 +0000 2023,7580
1613040081534849025,Wed Jan 11 05:08:18 +0000 2023,666
1613040079722668033,Wed Jan 11 05:08:18 +0000 2023,3
1613040078808309761,Wed Jan 11 05:08:18 +0000 2023,1
1613040076476542976,Wed Jan 11 05:08:17 +0000 2023,761
1613040075440533505,Wed Jan 11 05:08:17 +0000 2023,0
1613040074182234113,Wed Jan 11 05:08:17 +0000 2023,4
1613040071485329410,Wed Jan 11 05:08:16 +0000 2023,1943
1613040071120392198,Wed Jan 11 05:08:16 +0000 2023,2422
1613040070327504896,Wed Jan 11 05:08:16 +0000 2023,37
1613040069887266816,Wed Jan 11 05:08:16 +0000 2023,2
1613040069065015296,Wed Jan 11 05:08:15 +0000 2023,870
1613040066775121925,Wed Jan 11 05:08:15 +0000 2023,154
1613040066338885632,Wed Jan 11 05:08:15 +0000 2023,2598
1613040066322128896,Wed Jan 11 05:08:15 +0000 2023,29
1613040066091257857,Wed Jan 11 05:08:15 +0000 2023,928
1613040065491664897,Wed Jan 11 05:08:15 +0000 2023,0
1613040061691355138,Wed Jan 11 05:08:14 +0000 2023,1509
1613040060433109001,Wed Jan 11 05:08:13 +0000 2023,26
